,Seed,Total time,_step,_wandb,_runtime,Test time,Train time,_timestamp,Alpha,Error,Initial transient,Resized,Reservoirs,min_density,Nodes per reservoir,beta,sgmds,Train length,Constant term,rhos,densities,R_scalings,preprocess,Total nodes,sigmas,Test length,max_density,Hadamard reservoirs,seed,alphas
0,169.0,1122.424112559,9,{'runtime': 8906},8908.032229661942,77.795870193,1044.628193824,1696872401.5291166,1.0,0.0185,9,,,,,,,,,,,,,,,,,,,
1,169.0,1122.124979285,9,{'runtime': 8910},8912.16047167778,77.56717078,1044.557761399,1696863481.633257,0.9,0.0182,9,,,,,,,,,,,,,,,,,,,
2,169.0,1122.59244001,10,{'runtime': 8981},8982.537020921707,77.981301994,1044.61108636,1696854554.8979928,0.7,0.02,9,14.0,10.0,0.2,"[1000, 1000, 1000, 1000, 1000, 1000, 1000, 1000, 1000, 1000]",1e-10,"['tanh', 'tanh', 'tanh', 'tanh', 'tanh', 'tanh', 'tanh', 'tanh', 'tanh', 'tanh']",60000.0,1.0,"[0.6597405011000332, 0.5870758165692244, 1.2939622548688472, 1.3978572839980976, 0.6948098803721511, 0.9060936868994164, 0.9755070981051532, 0.5508396788515232, 0.5159005017488839, 1.1121352816578858]","[0.08018866129913642, 0.011015630115700756, 0.08764948442521356, 0.1820334105409792, 0.0846891586981729, 0.04147586434975822, 0.07942405931083212, 0.09037756562764622, 0.024397856862171736, 0.030697605387221525]","[0.6600308588442981, 0.6152944244613596, 0.5116095932164978, 1.0493348401687004, 0.9248883490004292, 0.6155362495326949, 1.09646725295118, 0.7004312195003999, 0.6263536134120806, 1.0393040387693395]",yes,10000.0,"[1.4278750561169988, 1.330777907345885, 1.3295004215589792, 0.773699870762773, 1.13134212920661, 0.8072409954785169, 1.0290012335468752, 1.4599103654715897, 0.6056376996214998, 1.0873741458117956]",10000.0,0.005,,,
3,8666.0,1204.435529769,10,{'runtime': 9069},9069.801384687424,81.278965336,1123.156513433,1696840445.2705636,1.0,0.019,9,14.0,10.0,0.2,"[1000, 1000, 1000, 1000, 1000, 1000, 1000, 1000, 1000, 1000]",1e-10,"['tanh', 'tanh', 'tanh', 'tanh', 'tanh', 'tanh', 'tanh', 'tanh', 'tanh', 'tanh']",60000.0,1.0,"[0.8828861282715036, 0.8437417464074044, 0.6912767883834431, 0.5672065646787743, 1.362004018170167, 1.2927543933144878, 1.196868295954806, 1.1209337616825494, 0.7022806507550046, 0.8205293321548818]","[0.104240712648943, 0.1806088899076328, 0.14883903011040245, 0.10808596148523514, 0.1812021128727677, 0.1992091802955272, 0.12839858608344365, 0.017698089393845862, 0.09664161926253872, 0.17452349487966015]","[0.5163240642178308, 0.932947651370546, 0.8510545973255673, 1.210851890573049, 1.277144991593568, 0.7702963386411898, 1.0173787370476428, 0.9454195946819344, 1.246784717912115, 0.6021109628861319]",yes,10000.0,"[1.00115874122795, 0.5203423328011133, 0.502706608006149, 0.7443946059694767, 1.3187379391719036, 0.8323733490832085, 0.7344465466221628, 0.9892551422385448, 0.5599901649545426, 1.1731894592396657]",10000.0,0.005,,,
4,365.0,1042.516141299,8,,7578.953556776047,67.577454734,974.938631141,1696718638.695145,0.5,0.0188,8,,,,,,,,,,,,,,,,,,,
5,365.0,1096.133558365,9,{'runtime': 8673},8674.236410140991,75.512481332,1020.621010142,1696711050.1313012,0.3,0.0197,9,,,,,,,,,,,,,,,,,,,
6,365.0,1092.704737539,9,{'runtime': 8673},8675.17123913765,74.769619925,1017.935064782,1696702364.6297872,0.1,0.0242,9,,,,,,,,,,,,,,,,,,,
7,365.0,1093.556811989,10,{'runtime': 8667},8668.03679227829,74.898654184,1018.658102932,1696693679.7129543,0.01,0.2019,9,14.0,10.0,0.2,"[1000, 1000, 1000, 1000, 1000, 1000, 1000, 1000, 1000, 1000]",1e-10,"['tanh', 'tanh', 'tanh', 'tanh', 'tanh', 'tanh', 'tanh', 'tanh', 'tanh', 'tanh']",60000.0,1.0,"[1.3033777218684746, 0.8932322382466731, 1.133741250810688, 0.7013973837785115, 0.8063978839174724, 0.7178590806382261, 0.6068581925781518, 1.0197312861293562, 0.545792455291281, 1.4822007461654303]","[0.03794420886687166, 0.008256145696559785, 0.16665966644448782, 0.1325250098853196, 0.1307970764524791, 0.12718091578198856, 0.19526406338057956, 0.1618994656926045, 0.0495100667883769, 0.01130901712657115]","[1.3654941832178225, 0.956559260410492, 1.1267907985614478, 1.0492783391087643, 1.4083066169495937, 0.916347407041708, 0.9274463946630672, 0.6359737308232168, 0.666021340170439, 1.323555664569805]",yes,10000.0,"[0.964224828501924, 1.4639931200701923, 1.1648206180224112, 0.8946894872562986, 0.7794571464013772, 1.3927617152403378, 0.6745490784483001, 1.4670358264271195, 1.010081999133665, 0.5852059563653074]",10000.0,0.005,,,
8,5510.0,1091.162480678,9,{'runtime': 8669},8671.269130468369,74.512042333,1016.650370872,1696685000.6366234,1.0,0.0196,9,,,,,,,,,,,,,,,,,,,
9,5510.0,1095.135827437,9,{'runtime': 8684},8684.911994457245,75.232381454,1019.903390483,1696676319.4785297,0.9,0.0193,9,,,,,,,,,,,,,,,,,,,
10,5510.0,1093.108027167,9,{'runtime': 8674},8676.00948548317,74.84573222,1018.26224178,1696667624.8055377,0.7,0.0192,9,,,,,,,,,,,,,,,,,,,
11,5510.0,1099.855271823,9,{'runtime': 8675},8676.181738138199,75.896693315,1023.958527053,1696658939.063383,0.5,0.0207,9,,,,,,,,,,,,,,,,,,,
12,5510.0,1092.170203215,9,{'runtime': 8671},8672.403946638107,75.027952571,1017.142196325,1696650253.1597955,0.3,0.0183,9,,,,,,,,,,,,,,,,,,,
13,5510.0,1094.574729786,9,{'runtime': 8675},8676.001688957214,75.140537488,1019.43413992,1696641573.806813,0.1,0.0237,9,,,,,,,,,,,,,,,,,,,
14,5510.0,1091.833536333,10,{'runtime': 8674},8675.837950468063,74.719063708,1017.114413376,1696632884.9862845,0.01,0.2028,9,14.0,10.0,0.2,"[1000, 1000, 1000, 1000, 1000, 1000, 1000, 1000, 1000, 1000]",1e-10,"['tanh', 'tanh', 'tanh', 'tanh', 'tanh', 'tanh', 'tanh', 'tanh', 'tanh', 'tanh']",60000.0,1.0,"[1.1013780212663866, 0.7043556696047125, 1.177227695613198, 0.5080603071015865, 1.0749125050095616, 0.6637069109647376, 1.0775309291974144, 1.198695223729867, 0.6134607778875675, 1.4719318937912131]","[0.17770664074290524, 0.10807581032616914, 0.037015121797991046, 0.15733003990935143, 0.05834978785236539, 0.04567624412680258, 0.06523633245762929, 0.04163004065764676, 0.07763927194612144, 0.04130727253257374]","[1.0205686676355912, 0.7179415572947403, 1.4677738340876336, 0.6158743369745079, 0.8569668009641114, 0.7785428312681513, 0.573511441118731, 1.2840423797345588, 1.1086610995466466, 1.4921286763629116]",yes,10000.0,"[1.1077340961114115, 1.308881705443429, 0.8804786657032362, 1.2003697565538898, 0.6850426109576535, 0.7279104807786492, 1.3335240032038964, 0.8769935705478096, 1.2162968429381622, 0.7490147623281991]",10000.0,0.005,,,
15,6938.0,1091.544783356,9,{'runtime': 8673},8674.195714473724,74.44654593,1017.098178234,1696624199.5178454,1.0,0.0196,9,,,,,,,,,,,,,,,,,,,
16,6938.0,1091.895634967,9,{'runtime': 8673},8673.860186576843,74.699748918,1017.195832215,1696615513.1603525,0.9,0.0185,9,,,,,,,,,,,,,,,,,,,
17,6938.0,1092.226750786,9,{'runtime': 8678},8680.925370931625,74.767856181,1017.458840964,1696606827.7947369,0.7,0.0195,9,,,,,,,,,,,,,,,,,,,
18,6938.0,1093.126322913,9,{'runtime': 8670},8671.42541050911,74.872230695,1018.254039134,1696598137.5410316,0.5,0.0198,9,,,,,,,,,,,,,,,,,,,
19,6938.0,1093.173757084,9,{'runtime': 8670},8671.970088720322,74.900355582,1018.273348016,1696589454.8358786,0.3,0.0183,9,,,,,,,,,,,,,,,,,,,
20,6938.0,1092.733164298,9,{'runtime': 8675},8676.305586338043,74.908905628,1017.824204395,1696580774.0642393,0.1,0.0245,9,,,,,,,,,,,,,,,,,,,
21,6938.0,1095.20701286,10,{'runtime': 8680},8681.579493522644,75.03031076,1020.176648912,1696572086.1963286,0.01,0.1987,9,14.0,10.0,0.2,"[1000, 1000, 1000, 1000, 1000, 1000, 1000, 1000, 1000, 1000]",1e-10,"['tanh', 'tanh', 'tanh', 'tanh', 'tanh', 'tanh', 'tanh', 'tanh', 'tanh', 'tanh']",60000.0,1.0,"[1.3552000065463663, 1.499819928718389, 1.3700905126564706, 0.726984714080726, 1.4134386299473407, 0.5277738812941856, 1.1919761195317369, 0.7336665107795167, 0.7985823452268883, 0.9443941322599496]","[0.18320229680954425, 0.1823188186167495, 0.01707287639866884, 0.027700344889123804, 0.047174547623582, 0.11840749496985342, 0.08041356260662132, 0.09775502745866162, 0.0594915915710006, 0.14578175032842386]","[0.8389664554840276, 1.4429990664087486, 0.6843093256348176, 1.2623349308421647, 1.3888850706873634, 0.7829012879466759, 1.0174864382871656, 0.7539414516624314, 1.0651079960152687, 0.6087153965246808]",yes,10000.0,"[1.2592731089522506, 0.7268518449370287, 0.6404915670390577, 0.8281751225472535, 1.2283924375842712, 1.14075361885354, 0.8563350424574244, 0.9333186124401388, 1.389500631621014, 0.7732560362341203]",10000.0,0.005,,,
22,6815.0,1091.610898928,9,{'runtime': 8661},8663.131711483002,74.856982903,1016.753863958,1696563396.3766315,1.0,0.0188,9,,,,,,,,,,,,,,,,,,,
23,6815.0,1091.702435468,9,{'runtime': 8666},8666.767356872559,74.643215132,1017.059168505,1696554723.2538168,0.9,0.019,9,,,,,,,,,,,,,,,,,,,
24,6815.0,1092.909701238,9,{'runtime': 8670},8672.254392385483,74.982559114,1017.927086093,1696546045.256071,0.7,0.0182,9,,,,,,,,,,,,,,,,,,,
25,6815.0,1091.303371163,9,{'runtime': 8659},8659.877797365189,74.694683952,1016.608633602,1696537363.1773005,0.5,0.0184,9,,,,,,,,,,,,,,,,,,,
26,6815.0,1090.969873157,9,{'runtime': 8668},8669.647352218628,74.592953271,1016.376866556,1696528692.4128122,0.3,0.0187,9,,,,,,,,,,,,,,,,,,,
27,6815.0,1094.167895549,9,{'runtime': 8678},8679.868723392487,75.265884327,1018.90195729,1696520011.1367743,0.1,0.0249,9,,,,,,,,,,,,,,,,,,,
28,6815.0,1094.95504793,10,{'runtime': 8671},8672.195266962051,75.054052804,1019.900918541,1696511319.019945,0.01,0.2019,9,14.0,10.0,0.2,"[1000, 1000, 1000, 1000, 1000, 1000, 1000, 1000, 1000, 1000]",1e-10,"['tanh', 'tanh', 'tanh', 'tanh', 'tanh', 'tanh', 'tanh', 'tanh', 'tanh', 'tanh']",60000.0,1.0,"[0.5742679396073419, 0.7933533344765997, 1.0144220238640642, 1.384062837358442, 1.1272130304743224, 1.3426181371708468, 0.8949657882075539, 0.5326356161963137, 0.5452901294079828, 1.377765869992499]","[0.09590625042613037, 0.020787941404463797, 0.13154187558872532, 0.028547838076921284, 0.009888634945558913, 0.195331320599203, 0.14576746024688883, 0.006885004135831237, 0.10409224323792936, 0.10762640074266804]","[1.2911568843327257, 0.529608231847939, 1.4968671709022257, 0.6334224280850326, 1.4675669038611483, 0.563359038656136, 1.4616214114584882, 1.4992183310295668, 0.6204152491761273, 0.5999359765690023]",yes,10000.0,"[0.5169520417427752, 0.9315005349623316, 1.2700037476946964, 1.3969543318052624, 0.5942492632899028, 1.3055652684953278, 1.2310718289588674, 0.7269354969695278, 1.480623330126395, 1.3774198366808208]",10000.0,0.005,,,
29,917.0,1094.896675401,9,{'runtime': 8678},8679.856900691986,75.189399568,1019.707223302,1696502633.7576468,1.0,0.0191,9,,,,,,,,,,,,,,,,,,,
30,917.0,1094.246338295,9,{'runtime': 8670},8671.322267532349,75.029054973,1019.217228367,1696493943.5355675,0.9,0.0193,9,,,,,,,,,,,,,,,,,,,
31,917.0,1092.119552511,9,{'runtime': 8675},8676.406401634216,74.803592635,1017.315902888,1696485260.1712527,0.7,0.019,9,,,,,,,,,,,,,,,,,,,
32,917.0,1091.591976987,9,{'runtime': 8663},8664.394551992416,74.862146531,1016.729777071,1696476574.553094,0.5,0.0207,9,,,,,,,,,,,,,,,,,,,
33,917.0,1092.147190561,9,{'runtime': 8663},8666.37941479683,74.706793079,1017.440344119,1696467899.0542378,0.3,0.0194,9,,,,,,,,,,,,,,,,,,,
34,917.0,1092.055398024,9,{'runtime': 8666},8667.124167203903,74.871831592,1017.183512185,1696459223.1093822,0.1,0.025,9,,,,,,,,,,,,,,,,,,,
35,917.0,1093.246684808,10,{'runtime': 8670},8671.894037485123,75.102538885,1018.14409523,1696450542.5046124,0.01,0.2059,9,14.0,10.0,0.2,"[1000, 1000, 1000, 1000, 1000, 1000, 1000, 1000, 1000, 1000]",1e-10,"['tanh', 'tanh', 'tanh', 'tanh', 'tanh', 'tanh', 'tanh', 'tanh', 'tanh', 'tanh']",60000.0,1.0,"[0.8026372211835405, 1.1442472313234302, 0.7434851479738599, 1.34333955508515, 1.302709510068924, 1.3058858371914868, 0.5746847632748903, 0.6087842710419469, 1.2466055694638551, 1.145028941436438]","[0.05097575307734905, 0.07653376314202465, 0.18144526325143803, 0.02432260805550407, 0.13953138596339823, 0.06801810390494277, 0.07769362113012887, 0.12893491463713355, 0.04315285923364894, 0.14779823777297174]","[1.1494169736505144, 0.6740298142138147, 1.2030583236957146, 1.012854524740721, 0.6158704837187063, 0.7518069919379364, 0.9094169383490716, 0.90551288886613, 0.7328727356437563, 0.7423923593667169]",yes,10000.0,"[1.2773543947104569, 1.194762233114992, 1.2137331108774183, 0.8147087033905983, 1.393571286868737, 0.9885799736423516, 1.344001057164362, 1.3412980673677566, 1.31887401296719, 1.2255019007557495]",10000.0,0.005,,,
36,4129.0,1090.387892907,9,{'runtime': 8673},8675.263539075851,74.637982073,1015.749859102,1696441859.5089312,1.0,0.0201,9,,,,,,,,,,,,,,,,,,,
37,4129.0,1093.001061036,9,{'runtime': 8680},8680.990612268448,74.878336326,1018.122669465,1696433174.2062533,0.9,0.0189,9,,,,,,,,,,,,,,,,,,,
38,4129.0,1094.714513257,9,{'runtime': 8680},8681.97082734108,75.102636535,1019.611824872,1696424481.923937,0.7,0.0196,9,,,,,,,,,,,,,,,,,,,
39,4129.0,1089.615056347,9,{'runtime': 8661},8662.151804208755,74.494120304,1015.120884173,1696415790.0892332,0.5,0.0209,9,,,,,,,,,,,,,,,,,,,
40,4129.0,1089.730729462,9,{'runtime': 8664},8666.102202653885,74.652216881,1015.078457203,1696407116.591143,0.3,0.0199,9,,,,,,,,,,,,,,,,,,,
41,4129.0,1102.033007401,9,{'runtime': 9088},9089.063307523727,75.169485972,1026.863467978,1696398439.8188784,0.1,0.0233,9,,,,,,,,,,,,,,,,,,,
42,4129.0,1168.332818195,10,{'runtime': 9267},9268.180197000504,80.425223703,1087.907545457,1696389337.766707,0.01,0.2135,9,14.0,10.0,0.2,"[1000, 1000, 1000, 1000, 1000, 1000, 1000, 1000, 1000, 1000]",1e-10,"['tanh', 'tanh', 'tanh', 'tanh', 'tanh', 'tanh', 'tanh', 'tanh', 'tanh', 'tanh']",60000.0,1.0,"[0.9173663400444012, 1.3405689637964815, 0.5640343144342902, 1.055167389798902, 1.2691802994479526, 0.5014261905275087, 1.4329347799811547, 0.9990061008535775, 0.8942071911195649, 0.5809777608460145]","[0.1816369862280268, 0.17220929581377142, 0.09895910633156174, 0.1375822642946489, 0.012109161140783009, 0.0720285512533425, 0.150358907336531, 0.04146862761707027, 0.1725518861888169, 0.18527330173080145]","[1.366342867540581, 1.03177758406441, 1.3972549962946443, 0.9892811734775, 0.7795543529647845, 0.7920046778690976, 0.9917482524940942, 1.016221470646714, 0.9459666319160908, 0.8518065161170693]",yes,10000.0,"[1.2434412526242848, 1.4787110999055582, 1.215657429527309, 1.3227008165371417, 1.0885862516449294, 0.9551562706125842, 0.8893088718407959, 1.176638011604274, 1.2615797617342523, 1.0405424118171789]",10000.0,0.005,,,
43,5242.0,1160.888238837,9,{'runtime': 9230},9231.34330010414,79.535957753,1081.352231938,1696380058.2337031,1.0,0.0202,9,,,,,,,,,,,,,,,,,,,
44,5242.0,1152.92009191,9,{'runtime': 9188},9189.156404972076,78.099421699,1074.820619593,1696370816.977724,0.9,0.0198,9,,,,,,,,,,,,,,,,,,,
45,5242.0,1142.896741669,9,{'runtime': 9140},9141.808923244476,76.693437869,1066.20325243,1696361615.1308854,0.7,0.018,9,,,,,,,,,,,,,,,,,,,
46,5242.0,1127.910012727,9,{'runtime': 9107},9108.451851129532,74.448164332,1053.461798753,1696352463.678565,0.5,0.0177,9,,,,,,,,,,,,,,,,,,,
47,5242.0,1169.401007028,9,{'runtime': 9265},9266.563117742538,80.501775895,1088.899183252,1696343343.5008466,0.3,0.0196,9,,,,,,,,,,,,,,,,,,,
48,5242.0,1158.342890241,9,{'runtime': 8779},8779.971830368042,78.798139298,1079.544702959,1696334067.0508404,0.1,0.0235,9,,,,,,,,,,,,,,,,,,,
49,5242.0,1095.00550956,10,{'runtime': 8751},8753.207084655762,75.437982687,1019.567473555,1696325274.2864888,0.01,0.196,9,14.0,10.0,0.2,"[1000, 1000, 1000, 1000, 1000, 1000, 1000, 1000, 1000, 1000]",1e-10,"['tanh', 'tanh', 'tanh', 'tanh', 'tanh', 'tanh', 'tanh', 'tanh', 'tanh', 'tanh']",60000.0,1.0,"[0.7701637187190432, 0.8420983477544474, 1.020623533154403, 1.4371566095624082, 0.6236790349280159, 1.1727817342660156, 1.044532160771693, 0.8594764680423421, 1.0443042301522691, 0.5112378797202648]","[0.014193815672286437, 0.01268346335886001, 0.13687811302696293, 0.1942499205566383, 0.14316858764208423, 0.07410021012642742, 0.07176124586836238, 0.020153963712482344, 0.05600006941872416, 0.09113117154777076]","[0.8006968310585889, 0.6056929567475138, 0.5603292548993217, 0.7250046514761641, 0.9807339035667866, 1.0289926381720518, 0.5089046378302567, 1.1398081319488236, 1.1273489904538525, 1.1119854961463842]",yes,10000.0,"[1.2847991426612455, 0.6294036865172752, 1.1109755272738786, 1.0403560978645428, 1.4595458529967895, 0.5692660573636457, 1.227182887402129, 0.902738313474243, 0.8490938792100311, 0.8912559912911799]",10000.0,0.005,,,
50,207.0,910.539099476,5,,4716.504968881607,47.064328828,863.474714901,1696047318.0813458,0.5,0.0209,5,,,,,,,,,,,,,,,,,,,
51,207.0,1117.87517773,9,{'runtime': 8898},8899.52251124382,76.854028014,1041.021095695,1696042589.2334054,0.3,0.0185,9,,,,,,,,,,,,,,,,,,,
52,207.0,1119.363862065,9,{'runtime': 8897},8898.48113822937,76.951581505,1042.412232076,1696033680.3457642,0.1,0.0236,9,,,,,,,,,,,,,,,,,,,
53,207.0,1120.768908433,10,{'runtime': 8894},8894.74114394188,77.55669971,1043.212157821,1696024769.661615,0.01,0.2004,9,14.0,10.0,0.2,"[1000, 1000, 1000, 1000, 1000, 1000, 1000, 1000, 1000, 1000]",1e-10,"['tanh', 'tanh', 'tanh', 'tanh', 'tanh', 'tanh', 'tanh', 'tanh', 'tanh', 'tanh']",60000.0,1.0,"[0.7160206414653147, 1.2566101418522415, 1.3504166373816622, 1.3008811250184331, 1.2000115928905122, 0.523898900838455, 1.2608517319501265, 1.0632953488793684, 1.0029985649853583, 1.3828258064712635]","[0.1592730494382529, 0.13336875629740164, 0.009441830042453327, 0.07138818581975867, 0.1552305689272581, 0.11290238678785644, 0.18284186180593645, 0.18160140831479127, 0.14544077541615646, 0.049636951658825014]","[1.3565807620083437, 1.4620245090182715, 1.453980161540673, 0.6417234076737822, 0.5764992208733728, 0.8282529701595428, 0.661480744314166, 0.7975856411368191, 0.608018077268241, 1.3291699763422913]",yes,10000.0,"[1.205642129524897, 0.6199349389416771, 0.8351592255928568, 1.2648501935856826, 1.1696100793864592, 0.784387863194045, 1.3762389859538835, 0.8424066930083232, 1.498928604151742, 1.063432357821256]",10000.0,0.005,0.0,,
54,8026.0,1120.272437525,9,{'runtime': 8892},8893.621845006943,77.182623898,1043.089763044,1696015862.854794,1.0,0.019,9,,,,,,,,,,,,,,,,,,,
55,8026.0,1119.817217486,9,{'runtime': 8895},8895.80393075943,77.02187723,1042.795291366,1696006959.9514596,0.9,0.0193,9,,,,,,,,,,,,,,,,,,,
56,8026.0,1120.740109773,9,{'runtime': 8901},8903.086847782135,77.396652237,1043.343409463,1695998050.859836,0.7,0.0179,9,,,,,,,,,,,,,,,,,,,
57,8026.0,1121.447887286,9,{'runtime': 8894},8896.009936094284,76.990972849,1044.456864774,1695989135.105519,0.5,0.019,9,,,,,,,,,,,,,,,,,,,
58,8026.0,1118.568588947,9,{'runtime': 8899},8900.489165067673,77.339459466,1041.22908023,1695980227.605942,0.3,0.0183,9,,,,,,,,,,,,,,,,,,,
59,8026.0,1121.373017832,9,{'runtime': 8904},8905.202244281769,77.263646682,1044.109321747,1695971316.1106982,0.1,0.0243,9,,,,,,,,,,,,,,,,,,,
60,8026.0,1119.653355522,10,{'runtime': 8896},8897.235579967499,76.811727472,1042.841573146,1695962400.15918,0.01,0.2107,9,14.0,10.0,0.2,"[1000, 1000, 1000, 1000, 1000, 1000, 1000, 1000, 1000, 1000]",1e-10,"['tanh', 'tanh', 'tanh', 'tanh', 'tanh', 'tanh', 'tanh', 'tanh', 'tanh', 'tanh']",60000.0,1.0,"[1.2465552231904398, 0.8852173620748736, 1.430081010223672, 1.241614101016443, 1.0940105116976215, 0.5656275965126375, 0.5320932332806384, 1.1779131398504574, 0.7343232379431185, 1.1891870601281358]","[0.17180887721215243, 0.04063461260723589, 0.08113471264950214, 0.10598241656133756, 0.04067387359848929, 0.1702901120461617, 0.10236034747673768, 0.05561475505516488, 0.19354787043903393, 0.19591733075062756]","[0.8919551123614556, 1.0066347763786403, 1.2156070455755357, 1.2465222720542566, 0.5044026413976065, 0.7374935063031215, 1.0511161689798456, 1.127474646378266, 0.9965474078050082, 1.3147573598196804]",yes,10000.0,"[1.2854645525419697, 0.8762469665235261, 1.2020936085097704, 1.220821666584917, 1.0144745043242565, 0.6363658006042708, 1.4291382064298812, 1.0974805159978165, 1.1609294854642722, 0.8577270825365222]",10000.0,0.005,0.0,,
61,5604.0,1121.192006179,9,{'runtime': 8906},8907.56909108162,77.419631974,1043.772322451,1695953491.1217752,1.0,0.0177,9,,,,,,,,,,,,,,,,,,,
62,5604.0,1120.501676209,9,{'runtime': 8889},8889.952874183655,76.948376217,1043.553246762,1695944573.6355472,0.9,0.0189,9,,,,,,,,,,,,,,,,,,,
63,5604.0,1118.956018163,9,{'runtime': 8892},8893.837858438492,77.129963853,1041.826004625,1695935671.9411983,0.7,0.0203,9,,,,,,,,,,,,,,,,,,,
64,5604.0,1121.319746169,9,{'runtime': 8896},8896.645992279053,77.55623057,1043.763466229,1695926767.7513082,0.5,0.0178,9,,,,,,,,,,,,,,,,,,,
65,5604.0,1118.327566108,9,{'runtime': 8896},8897.641588687897,76.667737359,1041.659771319,1695917859.0977986,0.3,0.0195,9,,,,,,,,,,,,,,,,,,,
66,5604.0,1118.123718388,9,{'runtime': 8891},8892.25455069542,77.245497154,1040.878172839,1695908951.6001008,0.1,0.0228,9,,,,,,,,,,,,,,,,,,,
67,5604.0,1120.321870548,10,{'runtime': 8953},8954.787816286087,77.546773728,1042.775049015,1695900043.4431162,0.01,0.2005,9,14.0,10.0,0.2,"[1000, 1000, 1000, 1000, 1000, 1000, 1000, 1000, 1000, 1000]",1e-10,"['tanh', 'tanh', 'tanh', 'tanh', 'tanh', 'tanh', 'tanh', 'tanh', 'tanh', 'tanh']",60000.0,1.0,"[0.7054166888230887, 1.3200320065873314, 1.4798109348682584, 0.5441185612762445, 1.0702969284255437, 0.6141229338496036, 1.2681005517263948, 1.084469574989718, 1.1982957108990373, 1.1056271469267278]","[0.021404584793245324, 0.1269677144835559, 0.1490849268632315, 0.04155695038416749, 0.011721441977551513, 0.1665400506353269, 0.11692538361451238, 0.013227425237783984, 0.009150724531832927, 0.06474304414914953]","[0.9328773960986791, 0.7082248752399263, 1.3230535667505048, 0.645756854390847, 1.3536323658945957, 0.5630344025987203, 0.7871748466320858, 0.6372505052060687, 1.3744777504921948, 1.2633529607703466]",yes,10000.0,"[0.5254176633082999, 0.7530875705427272, 1.062703809326745, 1.391385721640256, 0.7775903722124605, 0.6677754252416294, 1.32780415786869, 1.0930983370637453, 1.2885959146404515, 0.509890306432602]",10000.0,0.005,0.0,,
68,,1095.49180963,10,{'runtime': 8731},8746.292996883392,75.549788423,1019.941964404,1695888771.027165,0.01,0.2066,9,14.0,10.0,0.2,"[1000, 1000, 1000, 1000, 1000, 1000, 1000, 1000, 1000, 1000]",1e-10,"['tanh', 'tanh', 'tanh', 'tanh', 'tanh', 'tanh', 'tanh', 'tanh', 'tanh', 'tanh']",60000.0,1.0,"[1.026755257232865, 0.5168736050452397, 0.6172654340622415, 0.9676227305512944, 0.9735583575233328, 0.9397123664874328, 1.2657711024216176, 1.2145009663340414, 0.804112983641755, 1.2223621171720729]","[0.09734653226585592, 0.07418093154877274, 0.08880615222280329, 0.17946324679958095, 0.10750457626045656, 0.059732507045633224, 0.07424080021203097, 0.012547177023455052, 0.02890642746737857, 0.0972170294993459]","[1.4680127358986916, 0.9922550293322636, 1.2710767522890267, 1.3590251239445124, 1.0063285365914625, 1.433085205072799, 1.0030418004961947, 1.1061711545448198, 1.4389024145231446, 1.3082991430860282]",yes,10000.0,"[0.5055988827039455, 0.9678724371010672, 1.042899275647852, 0.6055227336539133, 0.8479071791200075, 0.5555667868774082, 1.0881249510988238, 1.0016257551505956, 0.9323319669261072, 1.314802130822137]",10000.0,0.005,0.0,7635.0,
69,,1121.243824945,9,{'runtime': 8879},8880.11084651947,77.152020776,1044.091752562,1695857521.8875234,0.9,0.0188,9,,,,,,,,,,,,,,,,,,,
70,,1117.802976933,9,{'runtime': 8888},8890.597484827042,77.025775156,1040.777148859,1695848630.3601477,0.7,0.0188,9,,,,,,,,,,,,,,,,,,,
71,,1123.520762852,9,{'runtime': 8892},8894.405982732773,77.693255671,1045.827453025,1695839728.6666458,0.5,0.0196,9,,,,,,,,,,,,,,,,,,,
72,,1118.974109762,9,{'runtime': 8873},8874.138411045074,76.91930253,1042.054758005,1695830815.559328,0.3,0.0183,9,,,,,,,,,,,,,,,,,,,
73,,1118.530829104,9,{'runtime': 8878},8879.352753639221,77.08567466,1041.445106905,1695821928.2989116,0.1,0.0238,9,,,,,,,,,,,,,,,,,,,
74,,1177.430454414,10,{'runtime': 9165},9166.24007844925,77.311723344,1100.118682116,1695813034.066677,0.01,0.1931,9,14.0,10.0,0.2,"[1000, 1000, 1000, 1000, 1000, 1000, 1000, 1000, 1000, 1000]",1e-10,"['tanh', 'tanh', 'tanh', 'tanh', 'tanh', 'tanh', 'tanh', 'tanh', 'tanh', 'tanh']",60000.0,1.0,"[1.0075463921808043, 1.2417690819224, 0.5324730090343571, 0.5879580883938554, 1.4576881432927236, 1.0759480325910775, 0.9708541301068034, 1.4880294609251812, 0.732179363411942, 1.187382348274352]","[0.008387055163788276, 0.13835623896674998, 0.0912462558320499, 0.01982635218278706, 0.12937515508650424, 0.1473152530694749, 0.024187452680368732, 0.156361113000183, 0.19806193149215004, 0.1849407814128101]","[1.3440657874553883, 1.3898620154505206, 1.0271805581422733, 1.1537624227516088, 1.3315183587964192, 1.1236182447776375, 1.2701980939723598, 0.9417729570614044, 0.5948008393896064, 0.7896885509600156]",yes,10000.0,"[1.009302591262665, 0.5977227823922011, 0.7790796170384776, 0.9878271562909426, 1.0446586407298226, 1.2348676422528078, 1.468313869904638, 1.325829772253943, 0.6653908683218049, 0.5840647370409247]",10000.0,0.005,0.0,4751.0,
75,,1148.542570476,10,{'runtime': 9074},9074.9337515831,82.789522826,1065.752987182,1695802632.1624236,,0.0197,9,14.0,10.0,0.2,"[1000, 1000, 1000, 1000, 1000, 1000, 1000, 1000, 1000, 1000]",1e-10,"['tanh', 'tanh', 'tanh', 'tanh', 'tanh', 'tanh', 'tanh', 'tanh', 'tanh', 'tanh']",60000.0,1.0,"[0.6588055319463304, 1.464687387499139, 1.3998476607413917, 0.8221368401360718, 0.9089428123175736, 1.1969389347539463, 0.641190443276839, 1.129060788639059, 0.9190920825448456, 1.2610444255588915]","[0.037128226121322896, 0.061869086866941446, 0.17764025533890007, 0.19241513293736495, 0.19008179607987247, 0.07491217044742161, 0.1349428750675409, 0.1654598614651517, 0.16554483345789828, 0.12789442394366443]","[1.20593465879226, 0.8166177531512345, 1.29867372939203, 0.7049884745778858, 0.8071711201315473, 0.7563169254055615, 0.6750919714486264, 1.017062273255168, 0.7228860808921416, 1.2965075883253807]",yes,10000.0,"[0.6249257281482083, 1.1021375916894285, 1.492908789384996, 1.4049385957738787, 1.3455880059682634, 1.2921708335375273, 1.1818279010360913, 0.7505395510378241, 1.230424624899527, 0.5683715588515185]",10000.0,0.005,0.0,3441.0,"[0.6636240252841824, 0.5672119339738766, 0.6856379271500319, 0.97392384189159, 0.8553414437869833, 0.8836163227478863, 0.7929297957805334, 0.9218400543233884, 0.9764575402475766, 0.9665570779105797]"
76,,1117.220091536,10,{'runtime': 8955},8958.521756649017,77.228239714,1039.99180194,1695734843.427281,,0.0179,9,14.0,10.0,0.2,"[1000, 1000, 1000, 1000, 1000, 1000, 1000, 1000, 1000, 1000]",1e-10,"['tanh', 'tanh', 'tanh', 'tanh', 'tanh', 'tanh', 'tanh', 'tanh', 'tanh', 'tanh']",60000.0,1.0,"[0.9422575686206272, 0.5872316690422518, 0.5308057359105756, 1.3892407876967974, 0.8179129448911351, 0.641529690489556, 1.2700384548865442, 0.9482164266860248, 1.1138400845692569, 0.6406817776123284]","[0.06989493828107611, 0.1291845629897087, 0.05070197585432153, 0.14762609165289067, 0.04529258155162088, 0.15672195700816147, 0.04184161835502557, 0.06120536098092047, 0.0550633258436004, 0.07837273778655111]","[1.4560008061738967, 1.3513999038298778, 0.6083242892874433, 1.0616220135778724, 0.9385852050484068, 1.12906952724224, 1.4425651051428057, 0.5453203413406167, 0.9759083038118216, 0.9319758828824508]",yes,10000.0,"[0.6268026889743837, 0.6054868670251143, 1.4389918545452225, 0.5429372603173005, 1.2769369999838969, 1.318223358218534, 1.4370627884362075, 1.0284319571225746, 0.9976097966318808, 1.1250147638070236]",10000.0,0.005,0.0,7435.0,"[0.8543555058665091, 0.7893597706428246, 0.5569880221207195, 0.963508296306639, 0.8052735156844688, 0.7597812910309096, 0.5078646001348002, 0.6284539552529462, 0.9815946362332142, 0.8237189189433812]"
